Built,n,prop
3.4.1,10,0.10638297872340426
3.4.2,1,0.010638297872340425
3.4.3,83,0.8829787234042553
